Campo;Valor
institution;MEPA
report_type;CONSOLIDATED_DRE
report_name;"DRE consolidada"
view;CONSOLIDATED
unit.public_id;01M3YM9Q0GTYRTF1FYWJEW9816
unit.name;"Município F1D E2E"
period.kind;MONTH
period.label;2026-08
period.from;2026-08-01
period.to;2026-08-31
generated_at;"2026-10-02 15:55:30.257812Z"
perimeter_units;6
source;POSTED_JOURNAL_LINES
snapshot;REPEATABLE_READ
parameters_hash;92f3ed67cbcb543f87d69d6a21afae886cc1c5bc11dc064ba9e9f86c660a44d4
dre.basis;ACCRUAL_POSTED_LEDGER
dre.revenue;138000.00
dre.expenses;35000.00
dre.economic_result;103000.00
dre.investments_consumed;0.00
dre.investments_capitalized;0.00
dre.investment_returns;0.00
dre.revenue_lines.0.category.code;REV_TITHES
dre.revenue_lines.0.category.label;Dízimos
dre.revenue_lines.0.category.nature;OPERATING_REVENUE
dre.revenue_lines.0.amount;138000.00
dre.expense_lines.0.category.code;ADM_ELECTRICITY
dre.expense_lines.0.category.label;"Energia Eléctrica"
dre.expense_lines.0.category.nature;ADMINISTRATIVE_EXPENSE
dre.expense_lines.0.amount;20000.00
dre.expense_lines.1.category.code;ADM_INTERNET
dre.expense_lines.1.category.label;Internet
dre.expense_lines.1.category.nature;ADMINISTRATIVE_EXPENSE
dre.expense_lines.1.amount;5000.00
dre.expense_lines.2.category.code;ADM_TAXI
dre.expense_lines.2.category.label;Táxi/Mototáxi
dre.expense_lines.2.category.nature;ADMINISTRATIVE_EXPENSE
dre.expense_lines.2.amount;10000.00
dre.internal_transfer_effect;0.00
